{
  "created_at": "2025-08-21T23:48:34.364888",
  "periods_ahead": 10,
  "models_trained": 3,
  "training_samples": 720,
  "learning_cryptos": 10,
  "enhanced_features": 64,
  "results": {
    "enhanced_rf": {
      "train_accuracy": 1.0,
      "test_accuracy": 0.9944444444444445
    },
    "enhanced_gb": {
      "train_accuracy": 1.0,
      "test_accuracy": 0.9944444444444445
    },
    "enhanced_lr": {
      "train_accuracy": 0.9861111111111112,
      "test_accuracy": 0.9944444444444445
    }
  }
}