{
  "created_at": "2025-08-22T15:06:41.058529",
  "periods_ahead": 90,
  "models_trained": 3,
  "training_samples": 720,
  "learning_cryptos": 10,
  "enhanced_features": 64,
  "results": {
    "enhanced_rf": {
      "train_accuracy": 1.0,
      "test_accuracy": 0.9555555555555556
    },
    "enhanced_gb": {
      "train_accuracy": 1.0,
      "test_accuracy": 0.9333333333333333
    },
    "enhanced_lr": {
      "train_accuracy": 0.9222222222222223,
      "test_accuracy": 0.8888888888888888
    }
  }
}