{
  "created_at": "2025-08-22T14:00:11.717420",
  "periods_ahead": 24,
  "models_trained": 3,
  "training_samples": 720,
  "learning_cryptos": 10,
  "enhanced_features": 64,
  "results": {
    "enhanced_rf": {
      "train_accuracy": 1.0,
      "test_accuracy": 0.9611111111111111
    },
    "enhanced_gb": {
      "train_accuracy": 1.0,
      "test_accuracy": 0.9777777777777777
    },
    "enhanced_lr": {
      "train_accuracy": 0.9041666666666667,
      "test_accuracy": 0.9333333333333333
    }
  }
}