{
  "created_at": "2025-08-21T23:57:07.502028",
  "periods_ahead": 90,
  "models_trained": 3,
  "training_samples": 720,
  "learning_cryptos": 10,
  "enhanced_features": 64,
  "results": {
    "enhanced_rf": {
      "train_accuracy": 1.0,
      "test_accuracy": 0.9277777777777778
    },
    "enhanced_gb": {
      "train_accuracy": 1.0,
      "test_accuracy": 0.9611111111111111
    },
    "enhanced_lr": {
      "train_accuracy": 0.9402777777777778,
      "test_accuracy": 0.9055555555555556
    }
  }
}